Education,Experience,Location,Job_Title,Age,Gender,Salary
High School,14,Urban,Analyst,61,Female,75559.24411372501
High School,7,Urban,Director,21,Male,85397.13779571372
Master,11,Rural,Director,22,Female,112787.3492558224
PhD,4,Suburban,Analyst,60,Female,107455.1349481504
Bachelor,17,Rural,Manager,63,Female,108464.32013867843
High School,21,Rural,Manager,58,Male,70708.87031700685
PhD,14,Suburban,Analyst,22,Female,136466.95140894435
High School,5,Rural,Manager,45,Male,66983.27059355342
Master,24,Suburban,Director,47,Male,139341.89767415726
PhD,5,Rural,Director,60,Male,126484.77415596208
High School,13,Suburban,Manager,21,Female,88374.4479673091
PhD,5,Suburban,Director,37,Female,145434.53439582724
Master,11,Suburban,Director,62,Male,110485.5886176369
Bachelor,19,Suburban,Analyst,59,Male,84101.852687414
High School,2,Suburban,Manager,41,Female,80968.49087631401
PhD,15,Rural,Manager,39,Male,131229.4879372722
Master,11,Rural,Analyst,52,Female,112833.67281239793
High School,8,Urban,Analyst,58,Male,69941.28708137886
Bachelor,29,Suburban,Manager,52,Male,97354.26749032356
Bachelor,8,Suburban,Analyst,32,Male,68217.7938380033
PhD,5,Suburban,Manager,23,Female,127759.07632937071
Master,7,Suburban,Director,45,Female,137105.24731983276
Master,29,Suburban,Engineer,50,Female,118282.8096652156
PhD,22,Rural,Manager,64,Male,164542.83698804962
Master,2,Urban,Director,39,Male,129257.55344191214
Bachelor,28,Suburban,Manager,61,Female,97800.25540414132
Bachelor,24,Urban,Director,27,Male,117826.5765344791
Bachelor,12,Rural,Manager,34,Male,101663.05778970802
High School,28,Rural,Director,42,Female,99434.6392807138
PhD,28,Urban,Engineer,23,Female,148023.53264490823
High School,20,Suburban,Director,45,Female,103997.30812571551
Master,19,Urban,Director,40,Female,140086.47124713028
PhD,22,Urban,Analyst,25,Female,149741.55027515185
PhD,28,Urban,Manager,37,Female,157707.05596425082
High School,13,Urban,Analyst,20,Male,73043.43575162995
High School,3,Urban,Analyst,63,Female,57615.23341761047
PhD,18,Suburban,Manager,29,Female,139034.76260983682
High School,9,Suburban,Director,62,Male,93448.60001993066
Master,11,Suburban,Director,52,Male,118732.87974017202
PhD,3,Rural,Director,33,Female,118165.08446631998
High School,29,Rural,Director,45,Male,96834.67128150172
Master,9,Suburban,Analyst,41,Male,112257.07959324372
High School,7,Urban,Engineer,36,Female,54711.0480306511
High School,2,Urban,Engineer,52,Male,50442.07521036797
PhD,5,Urban,Manager,41,Male,154677.29682143047
High School,13,Suburban,Director,37,Female,103723.30317535224
High School,19,Urban,Director,50,Male,99640.24197906828
High School,7,Urban,Engineer,36,Male,58008.87061573461
Bachelor,6,Rural,Analyst,54,Male,59734.10574128003
Master,12,Suburban,Engineer,54,Female,119412.99220315993
High School,6,Urban,Engineer,24,Female,60637.29855913215
High School,6,Rural,Manager,52,Male,55762.98547599145
High School,3,Rural,Manager,42,Male,75312.53559593308
High School,1,Urban,Analyst,56,Male,65965.08051066907
Master,16,Urban,Director,24,Female,145378.91372069393
Master,14,Urban,Analyst,42,Male,111516.30248819893
Bachelor,1,Suburban,Manager,41,Female,77209.03987733739
PhD,6,Rural,Analyst,54,Female,115249.02672349873
PhD,19,Suburban,Engineer,20,Female,130113.57026527364
PhD,19,Rural,Director,27,Female,156312.9362084037
Bachelor,4,Urban,Manager,23,Male,95820.99778809566
Master,8,Suburban,Analyst,59,Male,88909.6767374791
PhD,23,Urban,Manager,23,Male,163104.2755312551
PhD,28,Rural,Manager,58,Female,133976.69467114715
Bachelor,29,Urban,Director,24,Male,117235.26845638917
Master,6,Urban,Manager,57,Male,118098.06930900912
High School,8,Suburban,Manager,55,Female,71257.07865933598
Bachelor,8,Rural,Director,60,Male,94565.82135917408
High School,2,Rural,Manager,64,Male,66182.03348653117
High School,28,Rural,Manager,63,Female,79527.8982204147
PhD,5,Rural,Manager,28,Female,115015.15355069588
PhD,29,Urban,Director,63,Male,155079.84083441965
PhD,13,Rural,Analyst,21,Female,119967.70090087356
PhD,16,Suburban,Director,56,Female,147712.72307263393
Bachelor,10,Rural,Director,56,Male,74247.97373230735
PhD,14,Urban,Analyst,58,Female,133339.3896823029
High School,29,Urban,Engineer,52,Female,94614.49909551127
PhD,29,Urban,Director,56,Male,186452.8457268759
PhD,27,Suburban,Director,58,Male,156729.08389775958
Bachelor,20,Urban,Analyst,60,Female,94528.34132346758
High School,16,Suburban,Manager,37,Female,60167.65498087052
PhD,26,Rural,Analyst,38,Male,132986.72970149666
High School,16,Urban,Analyst,51,Female,84841.8672458082
PhD,27,Urban,Analyst,63,Male,132494.82054555468
PhD,17,Urban,Director,50,Male,171403.03641017622
PhD,19,Urban,Director,60,Female,155047.7793414994
Bachelor,5,Urban,Director,31,Male,121616.51861184771
High School,22,Rural,Analyst,64,Female,61210.57648608133
Master,24,Rural,Analyst,21,Male,107105.8207118821
Master,1,Rural,Manager,59,Male,84075.94262943542
Bachelor,20,Urban,Director,28,Female,118246.33644902532
Master,6,Suburban,Director,40,Male,117911.9709065475
PhD,3,Urban,Analyst,34,Male,128521.5347683867
High School,29,Suburban,Director,31,Female,100232.15890892466
High School,23,Suburban,Director,40,Male,103555.45603070543
PhD,26,Urban,Director,24,Male,167570.6946285781
High School,9,Rural,Manager,42,Female,89782.29962808275
Master,11,Rural,Engineer,29,Female,89616.76041784984
PhD,13,Suburban,Director,49,Female,148707.74075900653
PhD,12,Rural,Manager,38,Female,130504.10498333003
Bachelor,20,Suburban,Director,59,Female,118490.03562090176
PhD,20,Urban,Director,35,Female,161398.26597767652
High School,28,Suburban,Analyst,50,Female,61353.01960611086
High School,2,Urban,Engineer,38,Male,61089.67332142195
PhD,1,Rural,Manager,26,Female,121281.69873189996
PhD,5,Urban,Director,45,Female,127277.6888001958
PhD,6,Urban,Analyst,31,Male,106202.04384675653
Bachelor,20,Urban,Engineer,51,Male,97076.61324148857
High School,2,Urban,Engineer,54,Female,52264.71239826344
Bachelor,7,Rural,Director,34,Female,100429.76537866936
High School,13,Rural,Director,30,Male,73669.22159105899
High School,5,Rural,Engineer,59,Female,50604.16449520506
PhD,25,Suburban,Manager,62,Male,154646.42398866065
High School,5,Urban,Analyst,39,Male,62396.23914089497
Bachelor,7,Rural,Director,64,Female,97139.84534859276
PhD,2,Suburban,Engineer,20,Male,110873.6143963144
Bachelor,16,Rural,Manager,28,Female,87924.45958450134
Bachelor,14,Rural,Engineer,33,Female,77149.03019668574
PhD,25,Suburban,Engineer,37,Female,149072.04868183247
High School,4,Rural,Analyst,29,Female,58903.22810655946
Master,17,Rural,Manager,62,Female,136608.8081251391
Bachelor,3,Urban,Manager,30,Male,101655.25190671264
PhD,21,Rural,Analyst,24,Male,104518.81521769102
PhD,26,Rural,Engineer,46,Female,135543.85717225142
High School,15,Rural,Director,49,Male,93338.51221753072
PhD,1,Urban,Director,43,Male,129475.842710405
Bachelor,23,Rural,Engineer,27,Female,88189.55978005964
Master,24,Suburban,Director,27,Male,142882.8881396824
Bachelor,10,Rural,Analyst,29,Male,74897.08683666281
Master,10,Rural,Engineer,49,Male,102744.16995282008
Bachelor,14,Urban,Analyst,44,Male,91310.18682217276
Master,2,Suburban,Engineer,52,Male,83967.79917321586
High School,20,Urban,Engineer,55,Female,74842.43454714648
High School,10,Urban,Manager,61,Female,83719.55551564979
High School,8,Urban,Manager,63,Male,84620.05366451902
PhD,2,Rural,Analyst,59,Male,97925.34018579702
Bachelor,18,Suburban,Manager,23,Female,103473.04500041057
High School,18,Urban,Manager,33,Female,96893.75908155256
Bachelor,28,Urban,Director,36,Male,130113.23027609976
High School,4,Urban,Director,23,Male,94857.97224705933
PhD,8,Suburban,Analyst,35,Female,123610.02888497636
PhD,27,Urban,Manager,41,Male,159035.39700404613
PhD,6,Rural,Director,22,Male,134263.9176428062
High School,21,Suburban,Analyst,36,Female,79183.53730827161
PhD,22,Suburban,Engineer,27,Male,127751.06926899531
Bachelor,17,Suburban,Analyst,35,Male,98169.9055941535
High School,16,Suburban,Analyst,55,Male,58368.84204654964
Master,17,Urban,Director,27,Male,126430.43232054784
PhD,17,Suburban,Director,30,Male,163022.82564588025
High School,24,Urban,Director,27,Female,113240.20338262782
High School,2,Rural,Analyst,48,Male,70374.09661478276
High School,16,Rural,Manager,52,Male,66620.52404738512
Bachelor,23,Urban,Manager,37,Male,107518.6253221083
High School,25,Urban,Manager,46,Female,74817.18131645783
PhD,7,Rural,Analyst,33,Male,107360.03576669157
PhD,22,Rural,Engineer,45,Male,151013.40051848112
Bachelor,6,Urban,Manager,48,Male,92218.2195310701
PhD,7,Rural,Director,22,Female,140959.76211139612
High School,17,Urban,Director,63,Female,97852.52574570388
Bachelor,28,Suburban,Analyst,24,Male,92774.21458468054
Master,13,Urban,Engineer,62,Female,94710.23364704054
High School,9,Suburban,Manager,48,Male,57865.76988501196
Bachelor,16,Suburban,Analyst,39,Female,81956.47780376
High School,4,Rural,Director,62,Male,68111.86800466156
PhD,8,Rural,Analyst,26,Male,115028.8104444262
Bachelor,5,Rural,Manager,28,Male,90550.47942410434
Master,21,Urban,Director,53,Female,127582.95056575965
PhD,28,Suburban,Manager,45,Male,150828.36884275833
Bachelor,25,Suburban,Engineer,40,Female,111781.89364481598
Bachelor,25,Suburban,Manager,20,Female,98183.68685087073
High School,5,Rural,Manager,23,Female,59366.90640736085
Bachelor,16,Rural,Director,47,Male,106870.0138572766
Bachelor,17,Rural,Director,42,Male,107222.12664516484
Master,20,Suburban,Director,27,Female,143982.40622403615
PhD,4,Rural,Director,60,Female,130567.64945544896
Bachelor,6,Suburban,Analyst,58,Female,72686.91363970499
Bachelor,24,Urban,Analyst,53,Male,106774.33933793784
High School,29,Suburban,Manager,51,Male,90605.4567853522
High School,14,Rural,Director,21,Male,87889.91945003047
Master,17,Rural,Engineer,31,Female,120102.64603383328
Bachelor,20,Urban,Manager,33,Male,120121.68295174788
High School,15,Suburban,Analyst,38,Female,61928.68279841316
PhD,28,Suburban,Director,34,Female,163634.90480386768
High School,12,Rural,Manager,43,Female,74409.96732045121
Master,6,Rural,Analyst,41,Male,77772.66880478204
High School,23,Rural,Analyst,35,Male,61532.07984408598
PhD,17,Urban,Manager,51,Male,144899.99460889792
Bachelor,26,Urban,Manager,58,Female,110750.60577086
Master,19,Suburban,Director,59,Female,128161.59156010325
Bachelor,27,Rural,Manager,21,Female,83930.42234554206
High School,25,Suburban,Manager,27,Female,89427.18800209484
PhD,2,Suburban,Director,31,Female,142122.66726825983
Master,11,Urban,Analyst,40,Male,96863.44359511268
PhD,20,Suburban,Director,56,Female,165810.55944087074
PhD,17,Rural,Director,26,Female,140182.54476292082
PhD,20,Urban,Analyst,59,Male,139655.8919089493
PhD,22,Suburban,Engineer,48,Male,116155.67864638472
PhD,13,Suburban,Director,29,Female,147546.16635853727
Bachelor,6,Suburban,Manager,41,Female,77706.63430665733
Master,18,Rural,Analyst,44,Male,98207.02602445568
High School,21,Urban,Manager,62,Female,89426.94711719434
Master,25,Urban,Director,44,Male,139636.67478801086
PhD,29,Urban,Analyst,32,Male,146650.40602239317
PhD,18,Rural,Director,57,Male,133634.5864073082
Master,5,Suburban,Director,64,Female,120085.54926006313
PhD,5,Rural,Manager,41,Female,124368.70100023596
High School,12,Suburban,Director,56,Male,103104.58978298244
High School,15,Urban,Manager,60,Female,93394.90672317604
Bachelor,19,Suburban,Engineer,24,Male,96598.32495003476
Bachelor,7,Suburban,Manager,33,Female,100882.31990048778
High School,22,Urban,Manager,59,Male,86835.1255805155
Master,24,Rural,Director,29,Male,139267.8170525735
High School,16,Suburban,Director,22,Male,85460.35259209422
Master,2,Urban,Engineer,35,Female,103387.4525129018
PhD,2,Suburban,Analyst,42,Male,123780.31235143372
PhD,7,Suburban,Director,30,Male,143623.63037382034
Master,27,Rural,Manager,59,Male,138404.8842418709
PhD,3,Suburban,Director,54,Male,127440.40640931044
Master,22,Rural,Manager,58,Male,123310.5444921746
Master,17,Suburban,Director,59,Male,133075.1903166543
Master,7,Urban,Director,53,Female,140042.13891849504
Bachelor,29,Suburban,Analyst,33,Male,109106.93715987806
Bachelor,13,Urban,Analyst,61,Male,92303.7888478305
Bachelor,1,Suburban,Engineer,29,Female,57268.803376339936
PhD,5,Suburban,Engineer,40,Male,111874.839538144
High School,19,Rural,Engineer,25,Male,90600.13108370735
Bachelor,16,Rural,Director,36,Female,118098.37222184098
Master,12,Rural,Manager,32,Female,106333.96975362297
High School,5,Suburban,Director,42,Male,84143.06833923951
PhD,25,Suburban,Manager,40,Male,147118.68547273273
PhD,14,Urban,Director,48,Male,152065.3611720965
High School,22,Suburban,Engineer,58,Male,76320.54879609501
High School,24,Urban,Analyst,23,Female,86438.00153765982
Bachelor,12,Rural,Analyst,50,Male,73697.62106735456
PhD,24,Rural,Manager,42,Female,142850.38233722505
High School,11,Urban,Manager,63,Male,55066.114352582896
PhD,6,Suburban,Analyst,25,Female,112071.79396453792
Bachelor,26,Rural,Engineer,59,Male,94996.98297388168
High School,17,Urban,Director,47,Male,112954.0416857619
Master,17,Suburban,Director,62,Female,121074.59185608862
PhD,26,Suburban,Manager,40,Male,149472.05536597915
PhD,22,Urban,Engineer,22,Male,142102.5781695941
Bachelor,1,Urban,Engineer,39,Female,83921.21617950863
Bachelor,28,Urban,Director,31,Female,130676.7089336078
Master,1,Suburban,Manager,21,Male,111214.94241311056
High School,29,Suburban,Manager,51,Female,102641.21331377608
Bachelor,18,Urban,Manager,63,Male,109174.7498798797
Bachelor,1,Rural,Manager,60,Female,90091.88495330968
High School,11,Rural,Analyst,57,Female,68407.26238835322
Master,3,Urban,Director,49,Male,129605.7080804158
High School,18,Rural,Director,24,Female,70229.56393623482
PhD,9,Suburban,Engineer,25,Female,121976.05737138934
Bachelor,29,Suburban,Manager,45,Male,108212.91487003132
Master,4,Suburban,Manager,23,Female,99083.7164162198
High School,17,Suburban,Engineer,46,Male,73532.88469132425
Master,13,Urban,Analyst,48,Female,107650.47977612264
Master,25,Rural,Manager,44,Female,111344.47273079128
High School,19,Rural,Analyst,31,Female,75932.41135968213
Bachelor,10,Suburban,Engineer,20,Male,79937.26466825511
Bachelor,8,Suburban,Director,49,Female,100483.43641053604
High School,13,Suburban,Manager,41,Female,77430.20945022261
High School,17,Urban,Manager,32,Male,80007.84720913025
Master,12,Urban,Manager,20,Male,141967.66001547786
PhD,18,Urban,Director,50,Female,153652.093532501
Master,9,Suburban,Manager,55,Male,104584.54324684283
High School,29,Rural,Engineer,48,Male,71549.7678319231
High School,1,Suburban,Analyst,54,Male,51439.95511443989
High School,2,Rural,Analyst,57,Male,43069.23604206557
Master,8,Rural,Analyst,29,Male,96310.92421488398
High School,28,Rural,Engineer,63,Male,69651.92836465492
Master,13,Rural,Analyst,20,Female,109045.54421472047
Master,11,Rural,Analyst,40,Female,98073.3404604569
Master,20,Suburban,Director,58,Female,134296.60379842255
Master,17,Rural,Analyst,34,Male,109899.04941785493
Bachelor,8,Rural,Analyst,58,Male,66322.76809083836
PhD,22,Suburban,Analyst,39,Male,118568.0745691156
Master,19,Suburban,Manager,45,Male,125010.60844357472
PhD,25,Urban,Analyst,24,Female,130963.09069934256
PhD,6,Rural,Manager,25,Male,141610.9855689575
High School,8,Suburban,Manager,22,Male,69004.311396766
PhD,13,Urban,Analyst,59,Male,144650.49406790442
PhD,1,Suburban,Director,60,Male,137005.64203097162
Master,1,Urban,Director,27,Female,124251.98714687066
PhD,18,Suburban,Director,24,Male,148741.8413363613
High School,6,Suburban,Manager,60,Male,57188.999139170424
Bachelor,7,Rural,Manager,25,Female,82060.7329291408
High School,11,Urban,Analyst,31,Male,66858.43105342452
Bachelor,4,Rural,Director,24,Female,97276.2317923478
Master,17,Suburban,Analyst,44,Male,113966.50654336264
Master,17,Suburban,Engineer,49,Male,117978.59877870268
Bachelor,16,Urban,Director,42,Male,124024.38910184392
PhD,12,Urban,Manager,59,Male,151730.80004149664
Master,25,Suburban,Director,24,Male,149751.38410578627
Bachelor,5,Rural,Engineer,47,Male,63923.5309909897
Master,9,Urban,Director,31,Male,120309.22414000088
Master,6,Suburban,Analyst,63,Male,85629.70656151309
PhD,11,Rural,Director,30,Female,121504.28212370236
Bachelor,3,Suburban,Manager,39,Female,103068.00728949445
Master,11,Suburban,Director,62,Male,126284.0844463959
Bachelor,18,Rural,Director,50,Female,120075.52584159435
High School,20,Urban,Engineer,60,Female,72589.44466595871
High School,18,Urban,Analyst,42,Male,73807.19890433867
PhD,20,Rural,Analyst,24,Male,128295.22442169535
Master,22,Urban,Manager,23,Female,124379.61040159572
Bachelor,14,Rural,Engineer,59,Male,81786.09501652936
Master,1,Urban,Director,44,Female,121242.14310140724
High School,8,Urban,Director,57,Female,83849.98328890376
Master,19,Suburban,Manager,39,Male,111971.11675483995
High School,25,Urban,Director,59,Male,117061.2462176217
Master,16,Urban,Director,47,Male,130152.29063582532
PhD,3,Urban,Engineer,50,Female,118237.75563685333
High School,3,Rural,Manager,23,Female,53944.64204780505
Bachelor,26,Rural,Analyst,43,Female,92346.87262338235
High School,28,Suburban,Engineer,49,Male,81007.19945085408
Master,7,Suburban,Analyst,29,Female,84891.4436205641
Bachelor,8,Urban,Manager,48,Female,92589.53218080327
High School,27,Suburban,Engineer,57,Male,78182.64912759434
Master,29,Rural,Analyst,21,Male,102870.94105128384
PhD,25,Suburban,Director,24,Female,138815.49365359705
PhD,19,Urban,Director,36,Female,142981.59047925484
High School,28,Urban,Engineer,58,Male,80135.31584928774
PhD,18,Urban,Director,42,Female,155963.8498112061
Master,17,Rural,Manager,31,Male,112862.375062807
Master,21,Urban,Director,23,Male,112893.31945170804
PhD,1,Rural,Analyst,42,Female,113050.81101494467
PhD,27,Suburban,Engineer,43,Female,136061.38084617312
PhD,14,Rural,Manager,21,Male,139809.32588853835
Master,20,Suburban,Engineer,21,Female,107442.49239559734
Master,19,Rural,Analyst,60,Female,99560.39990960508
Master,13,Urban,Manager,61,Female,130591.56675108234
Master,8,Rural,Director,58,Female,107652.04715249412
High School,22,Suburban,Manager,60,Female,81946.59278102114
High School,22,Rural,Engineer,64,Male,54377.71102459122
Master,4,Suburban,Manager,41,Female,112126.33963013986
Bachelor,1,Rural,Director,43,Female,72841.11155482176
High School,23,Rural,Analyst,61,Male,70249.48049064373
PhD,16,Rural,Director,28,Female,149731.74718252578
Bachelor,10,Suburban,Manager,27,Male,91038.14555250182
PhD,21,Suburban,Director,54,Male,150737.56659227243
Bachelor,10,Suburban,Analyst,54,Female,72165.00736013523
High School,20,Suburban,Director,38,Female,107266.6397378748
Bachelor,4,Urban,Director,33,Female,105649.12729254698
Bachelor,6,Suburban,Analyst,30,Female,73195.52218532546
Master,14,Suburban,Engineer,41,Male,99794.6183690856
High School,11,Urban,Engineer,56,Female,74209.99466184892
Bachelor,24,Rural,Manager,51,Male,111908.61502158752
Master,3,Suburban,Analyst,50,Male,108753.06877732204
Bachelor,14,Urban,Analyst,47,Male,93221.84607969092
Bachelor,24,Urban,Analyst,52,Male,113515.28016974566
Bachelor,6,Urban,Analyst,50,Male,57463.59600309587
PhD,16,Rural,Analyst,29,Female,111979.28028586916
Bachelor,19,Urban,Director,49,Female,122680.03659280542
High School,2,Suburban,Analyst,36,Male,47957.05579370506
Master,9,Urban,Engineer,57,Male,100278.41602229176
PhD,19,Rural,Director,57,Male,161785.29188984665
Master,18,Suburban,Director,59,Female,126191.92895199227
PhD,13,Suburban,Analyst,36,Male,115965.9990780719
PhD,6,Urban,Analyst,27,Male,103860.8461044971
PhD,7,Rural,Analyst,28,Female,118799.44006115956
Master,18,Suburban,Director,48,Female,137723.27886185737
High School,23,Suburban,Director,39,Male,89616.88844301298
High School,25,Urban,Director,41,Female,71077.00006577624
Bachelor,5,Urban,Manager,63,Female,103915.15319989243
Master,11,Rural,Analyst,54,Male,102655.89286954633
High School,5,Rural,Director,43,Female,83366.3598715775
High School,14,Urban,Analyst,62,Female,68468.6166055852
PhD,14,Suburban,Analyst,37,Female,129311.31373329196
Master,24,Suburban,Analyst,27,Female,115023.3584683422
High School,8,Rural,Director,22,Male,76493.46361979107
Bachelor,10,Rural,Analyst,63,Male,77974.05660316872
PhD,23,Suburban,Analyst,49,Female,145740.44537947085
Bachelor,21,Urban,Director,26,Male,126769.34597053225
High School,3,Urban,Analyst,60,Male,69242.2173444676
High School,19,Urban,Manager,62,Male,95726.36718568094
Master,27,Urban,Director,48,Female,139904.78989292
High School,28,Suburban,Analyst,27,Female,83642.10640394817
Master,8,Rural,Analyst,62,Male,94399.8846738686
High School,25,Suburban,Manager,63,Male,84322.32758479813
Bachelor,4,Rural,Engineer,53,Female,65467.61515724689
Bachelor,17,Rural,Engineer,60,Male,78243.1817277945
Bachelor,7,Rural,Director,64,Female,112932.73615950027
Bachelor,20,Rural,Analyst,34,Male,86048.11608072282
Bachelor,19,Suburban,Director,51,Female,108675.6234100105
Master,18,Suburban,Manager,61,Male,107141.47424819975
Master,29,Suburban,Engineer,54,Male,116661.83273973822
Bachelor,16,Suburban,Director,25,Female,130098.90561909012
Bachelor,12,Suburban,Engineer,31,Male,71973.49636490211
PhD,19,Urban,Engineer,62,Female,120476.57343304963
PhD,13,Rural,Director,50,Male,151123.33589341832
Master,9,Rural,Manager,25,Male,100622.23740614792
PhD,8,Urban,Director,26,Female,137920.901967161
High School,28,Urban,Manager,41,Female,100452.5585344342
PhD,27,Suburban,Engineer,61,Male,146282.9226069381
PhD,14,Urban,Manager,34,Male,147979.983232951
PhD,29,Urban,Engineer,28,Female,163509.51814032128
Master,19,Urban,Engineer,46,Male,129826.72282091064
Master,14,Urban,Manager,21,Male,122441.02014234295
PhD,14,Suburban,Director,37,Female,144948.93710538538
PhD,18,Rural,Analyst,56,Female,138709.6470867579
Master,20,Suburban,Director,21,Male,129469.38088931618
High School,26,Rural,Director,63,Male,103386.0702899282
Bachelor,25,Urban,Analyst,48,Male,89948.55569043328
PhD,25,Rural,Analyst,25,Male,128855.129544108
PhD,24,Rural,Manager,20,Female,132288.0966456586
High School,20,Urban,Engineer,27,Female,83749.68724703127
Master,10,Rural,Analyst,38,Male,78855.39027300103
PhD,21,Rural,Director,61,Male,159261.25708431192
Master,24,Suburban,Manager,41,Female,125825.37782839929
Bachelor,5,Suburban,Engineer,52,Female,81241.18287733827
High School,16,Suburban,Director,61,Male,79684.60757979851
PhD,5,Suburban,Analyst,26,Female,115954.11875826868
High School,26,Urban,Manager,58,Male,104528.89097268877
Master,19,Rural,Manager,42,Female,118085.62268750487
PhD,16,Suburban,Director,48,Male,151020.75021919367
Bachelor,17,Suburban,Analyst,62,Female,99639.30202363194
PhD,22,Suburban,Director,50,Male,148468.7137513836
High School,15,Rural,Manager,24,Male,70640.75877047912
PhD,3,Rural,Director,27,Male,132166.73714753325
High School,3,Suburban,Engineer,25,Female,54908.3148561852
Bachelor,7,Rural,Analyst,33,Male,70251.76628382233
Bachelor,15,Rural,Director,33,Male,97052.93882402783
PhD,15,Urban,Manager,27,Female,133614.32129684524
PhD,22,Suburban,Manager,51,Male,153466.1561391526
Master,14,Suburban,Analyst,47,Female,103680.8892436586
High School,4,Suburban,Analyst,37,Male,60693.924713925415
High School,11,Rural,Analyst,44,Female,54012.80153691232
Master,19,Rural,Analyst,26,Male,100038.7680224855
Bachelor,15,Urban,Analyst,54,Female,84080.91886527606
Bachelor,10,Rural,Analyst,33,Female,62267.66824168883
Master,23,Urban,Director,31,Male,151883.94109572403
Master,27,Suburban,Engineer,22,Female,113064.54601700298
High School,12,Rural,Director,57,Male,93416.47945476102
High School,20,Urban,Manager,58,Male,93636.97892713363
PhD,3,Rural,Engineer,27,Male,104742.20636748728
Master,8,Urban,Manager,62,Male,120890.05892395366
PhD,7,Urban,Director,60,Male,131042.22388558686
Bachelor,23,Suburban,Manager,35,Female,101747.54077442826
PhD,6,Suburban,Director,37,Female,143721.10643262288
Bachelor,16,Urban,Engineer,35,Male,94731.44127037386
High School,28,Suburban,Director,49,Male,93537.79379643842
High School,7,Suburban,Engineer,36,Male,65062.72488305184
Bachelor,6,Rural,Director,59,Female,88578.47838349616
PhD,24,Suburban,Director,23,Female,153930.9338516317
Master,5,Suburban,Analyst,27,Male,92914.00677775544
Master,12,Rural,Engineer,60,Male,94835.55842413523
PhD,27,Suburban,Manager,46,Female,142195.40754437845
Master,13,Urban,Engineer,25,Male,116630.8466523854
Bachelor,6,Suburban,Engineer,36,Female,89173.97096368166
Master,20,Suburban,Engineer,60,Male,104004.68407030516
Bachelor,9,Urban,Engineer,27,Male,95126.80785391098
High School,4,Suburban,Director,56,Male,80360.31217374376
Master,8,Suburban,Director,53,Male,141267.28470660865
Bachelor,15,Urban,Manager,27,Female,114388.31726393776
High School,18,Rural,Engineer,28,Female,57067.7381754028
High School,4,Urban,Engineer,57,Male,68887.85742643471
Bachelor,12,Suburban,Manager,20,Male,95621.00301101292
Master,23,Rural,Analyst,35,Male,118399.91784706688
High School,17,Suburban,Manager,60,Female,78315.63656677089
PhD,18,Suburban,Analyst,23,Female,123464.46899091224
Bachelor,26,Urban,Director,53,Male,117763.86723541604
Master,16,Urban,Manager,23,Female,112053.20358407324
High School,3,Rural,Director,44,Female,66921.32051610532
High School,23,Urban,Director,40,Male,98276.76760253044
Master,8,Rural,Manager,28,Female,110377.79633452596
High School,8,Suburban,Analyst,45,Female,48005.699834384795
High School,25,Suburban,Director,61,Female,98697.76833533274
Master,27,Urban,Director,60,Male,129233.0898107075
PhD,6,Rural,Engineer,43,Female,119140.33843647146
Master,2,Suburban,Manager,39,Female,104264.4422209217
Bachelor,2,Suburban,Director,32,Female,88234.68148560214
High School,16,Rural,Manager,42,Female,68129.67262737315
Bachelor,29,Suburban,Director,20,Female,125294.92835941388
Master,24,Urban,Director,24,Male,143126.71812942385
PhD,5,Rural,Manager,52,Female,133712.64269614525
Master,4,Rural,Manager,61,Male,109922.0568164404
Bachelor,3,Suburban,Analyst,61,Female,66216.7016212603
Master,28,Suburban,Analyst,54,Male,122693.7222533875
High School,29,Urban,Manager,33,Female,83898.00356021858
Master,3,Rural,Analyst,59,Female,86684.29088738072
High School,2,Urban,Manager,49,Female,72915.21946778877
PhD,23,Rural,Manager,41,Male,147944.4544306179
Bachelor,15,Urban,Manager,21,Male,111440.01698894912
Master,25,Suburban,Engineer,57,Male,119815.70949806632
Bachelor,20,Urban,Engineer,25,Female,95945.27542859328
High School,9,Urban,Analyst,42,Male,73396.1439350745
Master,2,Rural,Director,26,Female,99694.53954354613
High School,1,Rural,Engineer,28,Female,37185.88349317717
Bachelor,18,Suburban,Analyst,61,Female,96812.24946453932
Master,5,Rural,Engineer,59,Male,92867.8476312818
High School,22,Urban,Engineer,57,Female,71668.35224708632
High School,4,Suburban,Analyst,32,Male,59999.86743162342
PhD,23,Rural,Director,35,Female,153914.36833191148
High School,15,Rural,Engineer,30,Female,73305.17369042597
Master,18,Rural,Analyst,53,Male,112455.38789447106
Master,20,Rural,Manager,23,Female,116720.81943689582
Master,7,Suburban,Director,62,Male,133794.19981202646
PhD,15,Urban,Engineer,31,Male,122362.72378123792
Master,27,Suburban,Analyst,25,Male,127723.00647288092
High School,27,Urban,Engineer,36,Male,80739.41728110176
High School,17,Rural,Manager,39,Female,69022.97240059583
Bachelor,14,Suburban,Engineer,43,Female,87266.497916228
Bachelor,7,Urban,Director,64,Female,109739.5757717404
High School,27,Urban,Director,42,Male,105298.77695248832
Bachelor,22,Rural,Engineer,37,Male,120814.60713163964
High School,27,Suburban,Engineer,50,Female,79976.18786280928
Bachelor,15,Urban,Analyst,50,Female,73797.25897577438
Bachelor,23,Urban,Director,34,Female,127909.7105518198
PhD,8,Urban,Analyst,25,Female,118509.62858553034
Bachelor,4,Rural,Analyst,36,Male,49941.82125200072
High School,17,Suburban,Manager,57,Female,89977.94942262843
Master,9,Suburban,Analyst,38,Female,101144.06013260984
PhD,28,Rural,Engineer,42,Male,145613.91167496107
PhD,24,Suburban,Analyst,37,Male,127740.56885031542
Master,16,Suburban,Analyst,48,Female,88637.58195699849
Master,20,Rural,Engineer,21,Male,106062.66288305612
High School,9,Urban,Analyst,49,Male,49515.33136752012
Bachelor,10,Rural,Analyst,64,Male,79316.33852811223
Bachelor,3,Urban,Analyst,23,Male,74649.08699648213
Bachelor,19,Rural,Engineer,56,Male,71859.43407279214
Master,24,Rural,Analyst,24,Female,105559.54371150376
Master,5,Urban,Manager,23,Female,114713.16762502409
Bachelor,6,Suburban,Director,47,Male,88404.03831200278
High School,5,Rural,Manager,24,Female,66592.3420122828
Master,5,Urban,Analyst,42,Male,104958.5066896543
PhD,3,Suburban,Analyst,51,Male,109204.4587935414
Master,11,Urban,Analyst,30,Female,102126.8656254315
Bachelor,17,Suburban,Engineer,51,Female,91498.92541209709
Master,17,Suburban,Director,60,Male,128637.2614091442
PhD,18,Urban,Analyst,25,Male,137478.69664111253
PhD,20,Suburban,Director,53,Female,193016.60214967115
Bachelor,24,Urban,Analyst,54,Male,92241.08305998985
PhD,14,Rural,Manager,34,Male,120698.05587675504
PhD,25,Suburban,Engineer,57,Male,150114.47891218946
Master,8,Rural,Manager,60,Female,100474.177156632
PhD,5,Urban,Director,35,Female,146305.2402586494
PhD,17,Rural,Analyst,57,Male,129845.55334320996
PhD,6,Suburban,Director,52,Female,126908.15218443835
PhD,17,Suburban,Manager,52,Female,157190.03279936145
Bachelor,20,Urban,Engineer,22,Male,81404.76394373074
Master,22,Suburban,Engineer,52,Male,150065.74349110562
Master,24,Suburban,Engineer,36,Female,127318.7778505968
Master,5,Urban,Manager,37,Male,111449.1687754408
Master,11,Urban,Analyst,21,Male,100285.215849479
Master,7,Suburban,Analyst,56,Male,107847.47576637704
Bachelor,24,Urban,Engineer,48,Male,81377.56364756194
High School,5,Rural,Manager,39,Male,51736.215074918386
Master,11,Rural,Analyst,47,Male,91867.25194663962
PhD,11,Rural,Manager,33,Female,113916.79208132316
PhD,22,Urban,Director,38,Male,149433.19871831877
Bachelor,21,Rural,Analyst,36,Female,97899.78049795829
Master,4,Rural,Analyst,62,Female,96811.67266182243
Bachelor,24,Urban,Director,33,Male,117780.71841761054
PhD,8,Suburban,Engineer,34,Male,107515.28949271538
High School,1,Rural,Director,58,Female,68583.46837368779
High School,24,Rural,Analyst,41,Male,90815.98628938774
Master,23,Suburban,Manager,21,Male,149537.1950783965
Master,5,Urban,Analyst,42,Male,96929.31513158564
Master,8,Suburban,Director,54,Female,123441.29098796276
High School,26,Rural,Manager,33,Female,103388.57208010757
PhD,26,Urban,Manager,45,Female,148185.1534103814
High School,21,Suburban,Engineer,63,Female,83938.8036230838
PhD,18,Urban,Engineer,62,Male,134838.58424250284
High School,17,Rural,Manager,37,Female,68436.97173004749
PhD,2,Suburban,Engineer,24,Female,110423.41996175224
Master,8,Suburban,Manager,58,Female,110037.68345601793
PhD,1,Urban,Manager,23,Female,136686.10832710887
Master,15,Suburban,Manager,31,Female,125668.69372441072
Bachelor,9,Rural,Manager,56,Female,88723.01541166398
Bachelor,20,Suburban,Manager,49,Female,99167.88705184014
High School,17,Suburban,Director,45,Female,104598.75331517016
Bachelor,24,Urban,Manager,27,Female,114068.61198539498
PhD,2,Suburban,Engineer,25,Male,118519.00529114524
PhD,26,Urban,Manager,37,Female,154075.95792204092
Bachelor,20,Suburban,Analyst,40,Male,73673.05233849108
Bachelor,12,Urban,Analyst,29,Female,86338.84774046796
Master,10,Rural,Analyst,44,Female,94081.88969865548
Bachelor,22,Suburban,Director,64,Female,101769.99863820703
Bachelor,25,Rural,Analyst,20,Male,77191.93285851003
High School,9,Suburban,Manager,61,Male,56873.70677317545
High School,23,Urban,Engineer,61,Male,95229.6476192084
High School,18,Urban,Analyst,35,Female,67235.45347043018
PhD,17,Rural,Engineer,36,Female,110142.71949532448
Master,3,Rural,Manager,54,Female,106062.03396303709
Bachelor,12,Rural,Director,53,Male,97105.1758124497
Bachelor,22,Urban,Manager,62,Male,95662.03982347203
Bachelor,26,Suburban,Engineer,33,Male,90992.3950975125
Bachelor,21,Suburban,Engineer,60,Female,84814.7412741277
High School,4,Suburban,Director,30,Male,76322.52202468809
Bachelor,14,Suburban,Manager,34,Male,109825.91370470892
High School,20,Urban,Engineer,28,Female,95703.03911911232
Bachelor,7,Rural,Engineer,49,Male,73742.23675414972
High School,4,Suburban,Director,44,Male,80239.5962687166
Master,4,Rural,Director,35,Female,107697.74252369396
Master,28,Urban,Director,43,Female,146975.62965786716
High School,18,Rural,Analyst,64,Male,71869.62566158465
Bachelor,17,Rural,Manager,54,Female,86829.83798375187
High School,13,Suburban,Analyst,51,Female,48438.3555127691
High School,21,Suburban,Analyst,47,Female,70661.73033427619
High School,13,Rural,Analyst,39,Male,69760.60276453797
High School,21,Urban,Analyst,44,Female,79002.843236208
Bachelor,18,Urban,Director,54,Female,121923.74327659124
Master,18,Rural,Director,53,Male,142528.77765517056
Bachelor,15,Suburban,Engineer,63,Female,88064.62888988973
High School,24,Urban,Engineer,51,Female,82436.96531661357
PhD,6,Suburban,Engineer,34,Male,111461.95579727436
Master,12,Rural,Director,21,Male,121087.32980273824
PhD,29,Urban,Engineer,63,Female,145659.3705163663
Bachelor,27,Suburban,Engineer,49,Female,100641.90157356314
Bachelor,26,Suburban,Engineer,52,Female,92638.9439562857
Bachelor,23,Urban,Engineer,22,Female,95804.2614408205
Master,8,Suburban,Engineer,52,Male,114297.23358996994
Bachelor,22,Urban,Analyst,27,Female,103772.45916416372
Master,4,Suburban,Director,28,Male,140235.26422980177
High School,11,Rural,Manager,28,Female,66157.89578261097
Master,20,Urban,Analyst,20,Male,100807.6591918533
Bachelor,1,Urban,Engineer,45,Male,102106.0853358802
PhD,15,Suburban,Manager,56,Female,146462.17774895177
PhD,13,Rural,Analyst,63,Male,115986.15456717256
High School,27,Suburban,Director,31,Male,92450.57242382762
Bachelor,3,Rural,Analyst,45,Female,62423.1253997449
High School,23,Urban,Analyst,41,Female,90520.01982753033
Master,5,Urban,Director,48,Male,124184.51486659472
Master,24,Urban,Analyst,27,Female,128472.24271293728
Master,13,Urban,Director,24,Male,109867.98066302932
Master,26,Urban,Engineer,41,Female,124104.54331743425
High School,17,Rural,Manager,53,Male,92184.82925779722
Bachelor,20,Rural,Director,55,Female,102152.15270939372
Bachelor,11,Suburban,Director,21,Female,100586.4041156878
PhD,12,Urban,Engineer,23,Female,113759.20447919633
Master,17,Rural,Engineer,44,Male,105366.0107999351
Master,24,Urban,Manager,29,Male,154081.49279376958
PhD,21,Suburban,Manager,60,Male,146451.13003812966
Master,3,Urban,Director,25,Female,137130.85536865267
PhD,9,Urban,Analyst,56,Male,126080.69529629964
PhD,25,Urban,Analyst,26,Female,132157.78617465615
Bachelor,16,Rural,Analyst,46,Male,87046.82030245801
High School,19,Rural,Manager,50,Male,90389.73810666264
Bachelor,15,Suburban,Director,60,Female,103801.95225172662
PhD,26,Suburban,Engineer,49,Female,145122.7227166107
PhD,11,Suburban,Engineer,60,Female,141466.7183821242
High School,17,Rural,Engineer,54,Female,77809.46669854887
Bachelor,13,Suburban,Engineer,37,Female,94955.18311496305
High School,13,Suburban,Engineer,63,Male,69728.24675440353
Bachelor,20,Rural,Analyst,64,Male,89961.7941228838
Master,2,Urban,Engineer,64,Male,103270.2395332119
Bachelor,14,Rural,Analyst,21,Male,68510.99628537285
Master,6,Urban,Analyst,56,Male,119014.49208620156
Bachelor,15,Rural,Analyst,43,Female,79930.62558794077
High School,16,Urban,Engineer,39,Male,85079.04081637684
PhD,12,Suburban,Analyst,47,Female,100369.02351603874
PhD,2,Urban,Engineer,45,Male,126043.14343328992
Bachelor,21,Urban,Engineer,25,Male,120783.72699879664
High School,12,Urban,Manager,62,Female,66811.3134084247
Bachelor,9,Suburban,Manager,43,Male,87089.80186824632
High School,13,Urban,Engineer,22,Female,62000.29192430693
Bachelor,1,Suburban,Engineer,36,Male,68635.08828494251
Master,2,Rural,Analyst,44,Male,97697.92391858966
Bachelor,10,Rural,Analyst,64,Female,65598.43408127593
PhD,19,Urban,Manager,61,Female,160061.91472851046
High School,17,Rural,Engineer,63,Female,70097.03589371659
Master,29,Suburban,Director,34,Male,132909.27268205624
Bachelor,5,Suburban,Analyst,37,Male,67608.30799609171
PhD,17,Suburban,Analyst,46,Male,129937.74310765752
Bachelor,28,Urban,Director,41,Female,139740.61853808298
PhD,19,Suburban,Analyst,47,Male,131547.15536693783
High School,13,Urban,Manager,36,Male,88355.10569739103
Bachelor,10,Rural,Engineer,27,Male,74939.23443921345
Master,2,Urban,Engineer,20,Male,98065.50878814336
PhD,2,Rural,Analyst,20,Female,96967.34243096111
Bachelor,13,Suburban,Engineer,41,Male,82088.40331077647
PhD,15,Urban,Analyst,49,Female,112237.94975989968
Bachelor,25,Suburban,Director,31,Male,121066.52294503032
High School,12,Urban,Manager,21,Female,92294.08918230917
Master,11,Suburban,Analyst,44,Male,87666.57721109298
Master,26,Urban,Manager,43,Male,138082.33170711008
High School,18,Rural,Director,21,Female,88647.85739293914
PhD,16,Suburban,Engineer,27,Female,140823.26983800298
High School,4,Rural,Director,27,Female,77741.37997801583
Master,7,Suburban,Director,44,Female,126139.13670110232
PhD,24,Suburban,Director,24,Male,169726.36047258874
Master,7,Rural,Director,40,Male,106019.0203963744
Bachelor,2,Rural,Director,41,Male,94046.2089341965
Bachelor,28,Urban,Director,54,Male,129926.16110034611
Master,23,Urban,Engineer,56,Male,107272.03547451828
Bachelor,1,Suburban,Manager,29,Male,82767.113637445
High School,24,Urban,Manager,49,Male,110043.26319415642
High School,24,Rural,Director,26,Male,104313.19104356626
Bachelor,20,Rural,Engineer,60,Female,82628.14830429087
Master,13,Rural,Manager,59,Male,107463.57610068769
Bachelor,16,Urban,Analyst,31,Male,90884.44479775698
Master,25,Rural,Analyst,48,Male,101638.69873172011
High School,18,Suburban,Director,61,Male,93896.19857839252
Master,24,Rural,Analyst,48,Male,110506.98143787218
High School,21,Suburban,Manager,54,Female,105457.61391306328
High School,29,Suburban,Engineer,53,Female,100127.28594752088
PhD,23,Rural,Analyst,37,Male,134639.6507552622
Master,4,Urban,Engineer,57,Female,104059.38814386504
High School,23,Rural,Manager,21,Female,87280.28107021368
High School,1,Rural,Analyst,46,Male,33510.51066927126
High School,24,Urban,Engineer,30,Female,74468.2050198493
Master,26,Urban,Manager,58,Male,138131.76263766392
High School,19,Suburban,Director,24,Female,88958.67919836262
Bachelor,6,Suburban,Director,57,Male,105050.80273184486
Master,29,Rural,Manager,38,Female,106944.94644980178
Master,23,Rural,Analyst,35,Female,103825.70543658012
High School,11,Suburban,Engineer,44,Female,67123.0768842727
Master,3,Urban,Engineer,50,Male,94545.58657932431
PhD,25,Suburban,Analyst,43,Female,131524.15487084555
PhD,2,Rural,Director,44,Male,147141.82131007797
PhD,21,Urban,Director,20,Female,157152.82147906447
High School,2,Rural,Director,62,Female,86467.92073920323
Master,11,Suburban,Director,30,Female,118484.31009869062
Master,13,Rural,Director,38,Female,133122.60510065337
PhD,27,Rural,Manager,58,Female,154429.50976608333
Bachelor,10,Suburban,Engineer,46,Female,72798.82843068447
PhD,11,Suburban,Director,59,Male,142591.2558943053
High School,6,Suburban,Director,53,Male,88085.19940828005
Bachelor,6,Rural,Engineer,40,Female,77750.67458837443
High School,8,Rural,Director,49,Female,63633.59335315418
Master,9,Urban,Engineer,40,Female,113727.8965602193
PhD,28,Suburban,Manager,54,Male,149580.17722315947
PhD,16,Rural,Director,59,Male,134560.1930040126
PhD,9,Urban,Director,58,Female,156315.92505022138
Master,13,Rural,Manager,60,Female,109383.27542645649
High School,14,Suburban,Analyst,55,Male,59417.70846297518
High School,19,Rural,Director,31,Male,85187.10130191705
High School,15,Urban,Director,23,Male,85339.3681495593
PhD,1,Rural,Engineer,24,Male,104029.26927639818
Master,4,Suburban,Analyst,51,Female,92260.70069694844
Bachelor,7,Rural,Director,44,Male,123627.26713718078
Bachelor,5,Urban,Engineer,24,Female,81466.33111284656
PhD,7,Urban,Analyst,25,Male,106214.69814058888
Master,17,Rural,Manager,39,Male,123413.38144972228
Bachelor,14,Rural,Analyst,53,Female,67553.07368757403
PhD,4,Rural,Manager,43,Male,124972.50876977788
PhD,12,Rural,Manager,52,Female,152791.76664795037
High School,1,Suburban,Analyst,31,Male,54316.90345545149
High School,22,Rural,Manager,41,Male,83586.51930066243
Master,18,Urban,Analyst,49,Female,120117.85268097043
Master,28,Suburban,Engineer,57,Male,130006.80109093692
Master,4,Suburban,Analyst,24,Male,97173.28953702336
Master,25,Rural,Director,50,Female,127400.65732182092
Bachelor,4,Suburban,Engineer,55,Male,76490.7760321884
Master,4,Suburban,Analyst,20,Female,95086.48203694854
Master,16,Suburban,Director,29,Male,130573.98071508964
High School,13,Suburban,Engineer,20,Female,55573.930615477104
Master,21,Suburban,Engineer,59,Male,143997.07649086916
Bachelor,20,Rural,Engineer,63,Female,74996.46723835671
Bachelor,12,Rural,Director,52,Male,97984.29324487085
PhD,5,Urban,Engineer,20,Female,133439.88913357895
PhD,20,Rural,Manager,31,Female,141637.70446304613
Bachelor,17,Suburban,Analyst,25,Female,91986.54645648548
Master,14,Urban,Analyst,38,Male,94698.64792576068
Master,5,Suburban,Manager,22,Female,116663.54542250188
Master,13,Suburban,Analyst,60,Male,72935.01284992674
Master,27,Suburban,Engineer,40,Female,131076.58624946763
High School,15,Suburban,Analyst,34,Male,62136.81719189974
PhD,21,Suburban,Manager,63,Female,146600.09066957125
Bachelor,16,Urban,Manager,45,Male,114474.08355481534
High School,6,Rural,Engineer,26,Female,67767.86962383863
High School,15,Urban,Analyst,21,Female,73688.88707585666
Bachelor,4,Rural,Manager,44,Male,96459.46256831016
Master,12,Urban,Director,26,Male,127497.1816518687
PhD,8,Urban,Analyst,35,Male,115316.16680702324
Bachelor,1,Urban,Engineer,32,Male,89220.76356797137
PhD,19,Suburban,Analyst,62,Male,106145.00551210355
Bachelor,20,Urban,Engineer,53,Male,101611.06322241678
Master,19,Suburban,Analyst,39,Female,106561.96202860876
Master,3,Suburban,Director,55,Male,128222.10354585823
Bachelor,19,Rural,Analyst,64,Female,70051.59807165357
High School,27,Rural,Engineer,60,Female,72362.95552866027
Master,11,Rural,Analyst,49,Male,95422.43441621288
Bachelor,29,Rural,Engineer,54,Male,107961.67193749268
PhD,5,Urban,Manager,56,Female,114507.68086755334
Master,12,Suburban,Analyst,41,Male,96130.97354819998
PhD,29,Suburban,Director,21,Female,157137.80486078965
Bachelor,8,Urban,Engineer,22,Male,85653.0564567708
Bachelor,21,Rural,Manager,49,Male,117683.11059634323
PhD,3,Rural,Engineer,46,Male,106378.0855646952
PhD,25,Urban,Director,39,Male,160064.68149504965
High School,18,Urban,Analyst,58,Male,80837.44493674728
PhD,8,Suburban,Director,26,Male,138197.12890521623
Master,3,Rural,Manager,32,Female,99019.38519034335
High School,6,Rural,Manager,46,Male,71769.55893398654
PhD,8,Urban,Manager,47,Male,127924.45124217024
Bachelor,18,Rural,Analyst,35,Male,70214.86159479314
Master,19,Suburban,Analyst,62,Male,121353.82392009476
Master,27,Urban,Engineer,27,Male,129791.9649251421
Master,29,Urban,Engineer,27,Male,141926.4602101247
PhD,28,Rural,Director,29,Female,156548.29755806783
PhD,17,Urban,Engineer,37,Female,119682.68653532074
High School,6,Urban,Director,31,Female,88826.7844916477
Master,3,Rural,Engineer,62,Female,73861.99295330019
Bachelor,3,Urban,Director,35,Male,94632.28957347012
Bachelor,26,Urban,Engineer,42,Male,104215.43185102736
High School,27,Suburban,Engineer,21,Female,66723.68051821226
Bachelor,7,Rural,Engineer,22,Male,62891.76686619663
Master,2,Rural,Engineer,26,Female,107445.34365931292
High School,1,Suburban,Engineer,39,Male,52716.988932775275
High School,5,Urban,Director,22,Male,91289.9958745682
